id,titulo,genero,presupuesto,recaudacion,duracion,fecha_estreno,puntuacion,roi
840464,Greenland 2,Aventura,90000000,20806332,98,2026-01-07,6.559,-0.7688185333333334
1368166,La asistenta,Misterio,35000000,334411969,131,2025-12-18,7.183,8.554627685714285
1168190,Los hermanos demolición,Acción,78500000,89000000,124,2026-01-28,6.794,0.1337579617834395
1084242,Zootrópolis 2,Animación,150000000,1802806721,107,2025-11-26,7.624,11.018711473333333
83533,Avatar: Fuego y ceniza,Ciencia ficción,350000000,1439133850,198,2025-12-17,7.301,3.111811
1242898,Predator: Badlands,Acción,105000000,184561056,107,2025-11-05,7.754,0.7577243428571429
1234731,Anaconda,Aventura,45000000,131454208,100,2025-12-24,5.839,1.9212046222222223
858024,Hamnet,Drama,35000000,70561705,126,2025-11-26,7.814,1.0160487142857142
1167307,David,Animación,60900000,83092325,115,2025-12-14,8.019,0.3644059934318555
1290821,Shelter: El Protector,Acción,50000000,26786795,107,2026-01-28,7.7,-0.4642641
1198994,SEND HELP (Enviad ayuda),Terror,40000000,53739748,113,2026-01-22,7.0,0.3434937
1311031,Guardianes de la noche: Kimetsu no Yaiba La fortaleza infinita,Animación,20000000,724279886,155,2025-07-18,7.7,35.2139943
991494,Bob Esponja: Una aventura pirata,Animación,64000000,163197450,88,2025-12-16,6.676,1.54996015625
1370814,The Plague,Drama,1000000,685153,98,2025-12-24,7.0,-0.314847
425274,Ahora me ves 3,Suspense,90000000,239845830,113,2025-11-12,6.6,1.6649536666666667
1116201,Iron Lung,Terror,3000000,28455127,125,2026-01-29,7.4,8.485042333333332
803796,Las guerreras k-pop,Fantasía,100000000,24690793,96,2025-06-20,8.098,-0.75309207
1233413,Los pecadores,Terror,90000000,368389632,137,2025-04-16,7.489,3.0932181333333335
1291608,धुरंधर,Acción,22500000,160000000,212,2025-12-05,6.931,6.111111111111111
1246049,Drácula,Terror,52000000,33698490,130,2025-07-30,7.148,-0.3519521153846154
1317288,Marty Supreme,Drama,65000000,133526731,150,2025-12-19,7.7,1.0542574
1054867,Una batalla tras otra,Suspense,175000000,206311045,162,2025-09-23,7.425,0.17892025714285714
1234821,Jurassic World: El renacer,Ciencia ficción,180000000,869146189,133,2025-07-01,6.316,3.828589938888889
1228246,Five Nights at Freddy's 2,Terror,36000000,239309958,104,2025-12-03,6.729,5.647498833333334
1456349,Un simple accidente,Drama,6000000,9602793,105,2025-09-27,7.182,0.6004655
575265,Misión: Imposible - Sentencia final,Acción,400000000,598767057,169,2025-05-17,7.195,0.4969176425
1062722,Frankenstein,Drama,120000000,480678,149,2025-10-17,7.686,-0.99599435
1061474,Superman,Ciencia ficción,225000000,616823803,129,2025-07-09,7.374,1.7414391244444445
1272837,28 años después: El templo de los huesos,Terror,63000000,58586229,109,2026-01-14,7.29,-0.07005985714285715
1511417,Baahubali: The Epic,Acción,65000000,3500000,224,2025-10-29,6.05,-0.9461538461538461
269149,Zootrópolis,Animación,150000000,1025521689,108,2016-02-11,7.759,5.83681126
1223601,Sisu: Camino a la venganza,Acción,12200000,9724644,89,2025-10-21,7.397,-0.20289803278688526
524047,Greenland: El último refugio,Acción,34000000,52300000,120,2020-07-29,7.128,0.538235294117647
911430,F1 la película,Acción,250000000,631627111,155,2025-06-25,7.776,1.526508444
533533,TRON: Ares,Ciencia ficción,220000000,142249983,119,2025-10-08,6.501,-0.35340916818181817
1236153,Sin piedad,Ciencia ficción,60000000,49463290,100,2026-01-19,6.699,-0.17561183333333333
76600,Avatar: El sentido del agua,Acción,350000000,2353096253,192,2022-12-14,7.599,5.723132151428572
1206008,Ella McCay,Comedia,35000000,4546837,115,2025-12-11,5.8,-0.8700903714285714
617126,Los Cuatro Fantásticos: Primeros pasos,Ciencia ficción,200000000,521858728,115,2025-07-23,7.0,1.60929364
1214931,Núremberg,Historia,11800000,37009109,150,2025-11-06,7.363,2.1363651694915253
798645,The Running Man,Acción,110000000,68615641,133,2025-11-11,6.8,-0.37622144545454544
680493,Return to Silent Hill,Terror,23000000,19300000,106,2026-01-21,5.1,-0.1608695652173913
1315303,Primate,Terror,21000000,36335958,89,2026-01-01,6.269,0.7302837142857143
980477,Ne Zha 2,Animación,80000000,2259822417,144,2025-01-29,8.114,27.2477802125
1218925,Chainsaw Man - La película: El arco de Reze,Animación,4100000,174502910,100,2025-09-19,8.3,41.561685365853656
1220564,El agente secreto,Crimen,5000000,7691569,161,2025-07-23,7.6,0.5383138
299536,Vengadores: Infinity War,Aventura,300000000,2052415039,149,2018-04-25,8.235,5.841383463333333
1087192,Cómo entrenar a tu dragón,Fantasía,150000000,636351148,125,2025-06-06,7.946,3.2423409866666666
1137179,야당,Crimen,9500000,24508523,123,2025-04-16,6.9,1.5798445263157894
639988,No hay otra opción,Crimen,12200000,36314308,139,2025-09-24,7.6,1.9765826229508197
693134,Dune: Parte dos,Ciencia ficción,190000000,714844358,167,2024-02-27,8.131,2.7623387263157895
634649,Spider-Man: No Way Home,Acción,200000000,1921847111,148,2021-12-15,7.933,8.609235555
496243,Parásitos,Comedia,11363000,257591776,132,2019-05-30,8.495,21.669345771363197
1242419,Roofman,Crimen,18000000,34263666,126,2025-10-08,7.178,0.903537
1010755,Strangers: Capítulo 3,Terror,8500000,3495000,92,2026-02-05,6.0,-0.5888235294117647
950387,Una película de Minecraft,Familia,150000000,958287780,100,2025-03-31,6.288,5.3885852
1197306,A Working Man,Acción,40000000,88200711,116,2025-03-26,6.685,1.205017775
438631,Dune,Ciencia ficción,165000000,410668500,155,2021-09-15,7.777,1.4889
533535,Deadpool y Lobezno,Acción,200000000,1338073645,127,2024-07-24,7.56,5.690368225
502356,Super Mario Bros: La película,Familia,100000000,1362000000,92,2023-04-05,7.596,12.62
346698,Barbie,Comedia,145000000,1447138421,114,2023-07-19,6.931,8.980264972413794
1083637,Kantara 2,Acción,14000000,91000000,165,2025-10-01,7.017,5.5
569094,Spider-Man: Cruzando el Multiverso,Animación,100000000,690897910,140,2023-05-31,8.335,5.9089791
402431,Wicked,Drama,150000000,758737211,162,2024-10-16,6.919,4.058248073333333
872585,Oppenheimer,Drama,100000000,952000000,181,2023-07-19,8.036,8.52
1197137,Black Phone 2,Terror,30000000,132235319,114,2025-10-15,6.76,3.4078439666666664
1184918,Robot salvaje,Animación,78000000,331982078,101,2024-09-12,8.313,3.256180487179487
1100988,28 años después,Terror,60000000,151308832,115,2025-06-18,6.617,1.5218138666666667
1241982,Vaiana 2,Animación,150000000,1059242164,100,2024-11-21,6.996,6.061614426666667
1022453,ది రాజాసాబ్,Comedia,50000000,21000000,186,2026-01-08,5.632,-0.58
385687,Fast & Furious X,Acción,340000000,704709660,140,2023-05-17,7.005,1.0726754705882353
1038392,Expediente Warren: El último rito,Terror,55000000,494656445,136,2025-09-03,6.919,7.993753545454545
574475,Destino final: Lazos de sangre,Terror,50000000,315954739,110,2025-05-14,7.087,5.31909478
1022789,Del revés 2 (Inside Out 2),Animación,200000000,1698863816,96,2024-06-11,7.5,7.49431908
939243,Sonic 3: La película,Acción,122000000,492162604,112,2024-12-19,7.63,3.034119704918033
315635,Spider-Man: Homecoming,Acción,175000000,880978185,133,2017-07-05,7.329,4.034161057142857
967941,Wicked Parte II,Fantasía,150000000,524676531,137,2025-11-19,6.681,2.49784354
1259102,Eternity,Romance,12000000,32867848,114,2025-11-26,6.975,1.7389873333333334
933260,La sustancia,Terror,17500000,76506196,141,2024-09-07,7.14,3.3717826285714287
335984,Blade Runner 2049,Ciencia ficción,150000000,259239658,164,2017-10-04,7.589,0.7282643866666667
986056,Thunderbolts*,Acción,180000000,382436917,127,2025-04-30,7.301,1.1246495388888889
552524,Lilo y Stitch,Familia,100000000,1038027526,108,2025-05-17,7.22,9.38027526
436969,El escuadrón suicida,Acción,185000000,168717425,132,2021-07-28,7.47,-0.08801391891891892
812583,Puñales por la espalda: De entre los muertos,Suspense,210000000,4000000,145,2025-11-26,7.21,-0.9809523809523809
541671,Ballerina,Acción,90000000,137216585,125,2025-06-04,7.27,0.5246287222222222
283995,Guardianes de la Galaxia Vol. 2,Ciencia ficción,200000000,863756051,135,2017-04-19,7.6,3.318780255
1035259,Agárralo como puedas,Acción,42000000,102147396,85,2025-07-30,6.431,1.4320808571428572
1284120,La hermanastra fea,Terror,4250000,5325096,109,2025-03-07,7.327,0.25296376470588233
1309012,Altered,Ciencia ficción,15000000,346774,85,2025-09-18,5.932,-0.9768817333333333
324857,Spider-Man: un nuevo universo,Animación,90000000,393602435,116,2018-12-06,8.393,3.373360388888889
150540,Del revés (Inside Out),Animación,175000000,857611174,95,2015-06-17,7.909,3.90063528
216015,Cincuenta sombras de Grey,Drama,40000000,569651467,125,2015-02-11,5.873,13.241286675
99861,Vengadores: La era de Ultrón,Acción,235000000,1405403694,141,2015-04-22,7.27,4.98044125106383
466272,Érase una vez en… Hollywood,Comedia,95000000,392105159,162,2019-07-24,7.424,3.1274227263157894
1327862,A pesar de ti,Romance,30000000,90452948,116,2025-10-22,6.901,2.0150982666666666
354912,Coco,Familia,175000000,814641172,109,2017-10-27,8.198,3.6550924114285714
1205229,Una noche en Zoopolis,Animación,12000000,5598939,91,2025-01-23,6.567,-0.53342175
475557,Joker,Crimen,55000000,1078958629,122,2019-10-01,8.128,18.617429618181816
1291335,Solo Mio,Romance,4000000,7200000,100,2026-02-05,7.5,0.8
912649,Venom: El último baile,Acción,120000000,478937618,109,2024-10-22,6.666,2.991146816666667
1413097,Melania,Documental,40000000,13515610,104,2026-01-30,2.9,-0.66210975
414906,The Batman,Crimen,185000000,772775278,176,2022-03-01,7.656,3.1771636648648647
519182,Gru 4. Mi villano favorito,Familia,100000000,969597394,94,2024-06-20,6.993,8.69597394
447365,Guardianes de la Galaxia: Volumen 3,Ciencia ficción,250000000,845550000,153,2023-05-03,7.928,2.3822
1124566,Valor sentimental,Drama,7800000,20000000,133,2025-08-20,7.604,1.564102564102564
507089,Five Nights at Freddy's,Terror,20000000,297242145,109,2023-10-25,7.344,13.86210725
756397,Super agente Hitpig,Animación,45000000,2345398,85,2024-11-01,6.8,-0.9478800444444444
1175942,Los tipos malos 2,Familia,80000000,239449449,104,2025-07-24,7.691,1.9931181125
299534,Vengadores: Endgame,Aventura,356000000,2799439100,181,2019-04-24,8.237,6.86359297752809
429617,Spider-Man: Lejos de casa,Acción,160000000,1132723226,129,2019-06-28,7.396,6.0795201625
1397364,La grazia,Drama,24500000,68995,133,2025-12-05,7.566,-0.9971838775510204
822119,Capitán América: Brave New World,Acción,180000000,415101577,119,2025-02-12,5.99,1.3061198722222223
453395,Doctor Strange en el multiverso de la locura,Fantasía,290000000,955775804,126,2022-05-04,7.2,2.2957786344827587
1022787,Elio,Familia,150000000,154291182,98,2025-06-18,6.946,0.02860788
297762,Wonder Woman,Acción,149000000,823970682,141,2017-05-30,7.21,4.530004577181208
399566,Godzilla vs. Kong,Acción,200000000,470116094,114,2021-03-24,7.547,1.35058047
546554,Puñales por la espalda,Comedia,40000000,312897920,130,2019-11-27,7.844,6.822448
333339,Ready Player One,Aventura,175000000,607274134,140,2018-03-28,7.585,2.4701379085714286
603692,John Wick 4,Acción,100000000,440157245,170,2023-03-22,7.71,3.40157245
539972,Kraven the Hunter,Acción,130000000,62076533,126,2024-12-11,6.437,-0.5224882076923076
746036,El especialista,Acción,125000000,181073291,127,2024-04-24,6.967,0.448586328
1072790,Cualquiera menos tú,Romance,25000000,214891370,103,2023-12-21,6.811,7.5956548
271110,Capitán América: Civil War,Aventura,250000000,1155046416,147,2016-04-27,7.447,3.620185664
786892,Furiosa: De la saga Mad Max,Acción,168000000,174287546,148,2024-05-22,7.455,0.03742586904761905
284054,Black Panther,Acción,200000000,1349926083,134,2018-02-13,7.363,5.749630415
361743,Top Gun: Maverick,Acción,170000000,1488732821,131,2022-05-21,8.158,7.757251888235294
315162,El Gato con Botas: El último deseo,Animación,90000000,484700000,103,2022-12-07,8.204,4.385555555555555
823464,Godzilla y Kong: El nuevo imperio,Acción,150000000,571750016,115,2024-03-27,7.054,2.811666773333333
845781,Red One,Acción,250000000,185700759,124,2024-10-31,7.002,-0.257196964
675353,Sonic 2: La película,Acción,110000000,405421518,123,2022-03-30,7.442,2.6856501636363634
718930,Bullet Train,Acción,90000000,239300000,126,2022-08-03,7.417,1.6588888888888889
209112,Batman vs Superman: El amanecer de la justicia,Acción,250000000,874362803,153,2016-03-23,5.988,2.497451212
1084199,La acompañante,Terror,10000000,36869122,97,2025-01-22,7.0,2.6869122
653346,El reino del planeta de los simios,Ciencia ficción,160000000,397378150,145,2024-05-08,7.054,1.4836134375
330457,Frozen 2,Familia,150000000,1453683476,103,2019-11-20,7.236,8.691223173333332
604079,La larga marcha,Ciencia ficción,20000000,62871697,108,2025-09-10,6.95,2.14358485
257344,Pixels,Acción,88000000,244874809,105,2015-07-16,5.766,1.7826682840909092
572802,Aquaman y el reino perdido,Acción,205000000,440181226,124,2023-12-20,6.549,1.1472254926829268
150689,Cenicienta,Romance,95000000,543514353,112,2015-03-06,6.823,4.721203715789474
1151031,Devuélvemela,Terror,15000000,39410222,104,2025-05-28,7.379,1.6273481333333333
507086,Jurassic World: Dominion,Aventura,465000000,1004004592,147,2022-06-01,6.614,1.1591496602150537
296096,Antes de ti,Drama,20000000,207945075,110,2016-06-01,7.921,9.39725375
329865,La llegada,Drama,47000000,203388186,116,2016-11-10,7.623,3.3274082127659574
321612,La bella y la bestia,Familia,160000000,1266115964,129,2017-03-16,6.968,6.913224775
493529,Dungeons & Dragons: Honor entre ladrones,Aventura,151000000,208200000,134,2023-03-23,7.33,0.37880794701986753
505642,Black Panther: Wakanda Forever,Acción,250000000,859102154,162,2022-11-09,7.014,2.436408616
1011477,Karate Kid: Legends,Acción,45000000,117105466,94,2025-05-08,7.0,1.602343688888889
573435,Bad Boys: Ride or Die,Acción,100000000,404547819,115,2024-06-05,7.338,3.04547819
616037,Thor: Love and Thunder,Fantasía,250000000,760900000,118,2022-07-06,6.38,2.0436
1138194,Heretic,Suspense,10000000,51913394,110,2024-10-31,6.978,4.1913394
260513,Los Increíbles 2,Acción,200000000,1243225667,120,2018-06-14,7.453,5.216128335
346364,It (Eso),Terror,35000000,719766009,135,2017-09-06,7.238,19.564743114285715
298618,Flash,Acción,220000000,271333313,144,2023-06-13,6.618,0.2333332409090909
1213898,बॉर्डर २,Acción,33000000,21000000,199,2026-01-23,7.375,-0.36363636363636365
1151272,Sirat: Trance en el desierto,Drama,7000000,10445082,130,2025-06-06,6.811,0.49215457142857144
425909,Cazafantasmas: Más allá,Fantasía,75000000,204445747,124,2021-11-18,7.328,1.7259432933333334
423108,Expediente Warren: Obligado por el demonio,Terror,39000000,206444123,112,2021-05-25,7.367,4.293439051282052
1242011,Together,Terror,17000000,34573161,102,2025-07-28,7.033,1.0337153529411764
1011985,Kung Fu Panda 4,Animación,80000000,548040835,94,2024-03-02,7.0,5.8505104375
474350,It: Capítulo 2,Terror,79000000,473123154,169,2019-09-04,6.839,4.988900683544304
374720,Dunkerque,Bélica,150000000,527000000,107,2017-07-19,7.449,2.513333333333333
281957,El renacido,Western,135000000,532950503,156,2015-12-25,7.538,2.9477815037037036
1087891,Amateur,Suspense,60000000,96000836,123,2025-04-09,6.964,0.6000139333333333
568124,Encanto,Animación,150000000,261292688,102,2021-10-13,7.574,0.7419512533333333
353081,Misión: Imposible - Fallout,Acción,178000000,791658205,147,2018-07-25,7.447,3.4475180056179777
291805,Ahora me ves 2,Suspense,120000000,334897606,129,2016-06-02,6.829,1.7908133833333333
87101,Terminator Génesis,Ciencia ficción,155000000,440603537,126,2015-06-23,5.948,1.842603464516129
263115,Logan,Acción,97000000,619021436,137,2017-02-28,7.818,5.381664288659794
284053,Thor: Ragnarok,Acción,180000000,855301806,131,2017-10-02,7.581,3.7516767
335983,Venom,Ciencia ficción,116000000,856085151,112,2018-09-28,6.8,6.380044405172414
337167,Cincuenta sombras liberadas,Drama,55000000,371985018,105,2018-01-17,6.678,5.763363963636364
639720,Amigos imaginarios,Comedia,110000000,190309707,104,2024-05-08,6.991,0.7300882454545454
396535,Train to Busan,Terror,8500000,87547518,118,2016-07-20,7.748,9.299708
290098,La doncella,Suspense,8575000,38600000,145,2016-06-01,8.191,3.501457725947522
140607,Star Wars: El despertar de la fuerza,Aventura,245000000,2068223624,136,2015-12-15,7.252,7.44172907755102
447277,La sirenita,Aventura,297000000,569626289,135,2023-05-18,6.276,0.917933632996633
1317149,I Swear,Drama,6000000,8220626,121,2025-09-22,7.984,0.3701043333333333
917496,Bitelchús Bitelchús,Comedia,99000000,452000435,105,2024-09-04,6.948,3.5656609595959594
696506,Mickey 17,Ciencia ficción,118000000,133442263,137,2025-02-28,6.8,0.13086663559322034
181812,Star Wars: El ascenso de Skywalker,Aventura,489900000,1074144248,141,2019-12-18,6.276,1.192578583384364
299537,Capitana Marvel,Acción,152000000,1131416446,125,2019-03-06,6.787,6.44352925
648878,Eddington,Western,25000000,13738227,148,2025-07-16,6.419,-0.45047092
436270,Black Adam,Acción,200000000,393452111,124,2022-10-19,6.824,0.967260555
370172,Sin tiempo para morir,Acción,250000000,774153024,163,2021-09-29,7.347,2.096612096
937941,Shelby Oaks,Terror,1400000,2350523,91,2025-10-02,5.8,0.678945
1064213,Anora,Drama,6000000,56286295,138,2024-10-14,7.061,8.381049166666667
284052,Doctor Strange,Fantasía,180000000,676343174,115,2016-10-25,7.4,2.757462077777778
384018,Fast & Furious: Hobbs & Shaw,Acción,200000000,760098996,137,2019-07-31,6.837,2.80049498
823219,"Flow, un mundo que salvar",Animación,3700000,17660107,84,2024-08-29,8.098,3.7730018918918917
792307,Pobres criaturas,Ciencia ficción,35000000,117607117,141,2023-12-07,7.656,2.360203342857143
324552,John Wick: Pacto de sangre,Acción,40000000,171539887,122,2017-02-08,7.337,3.288497175
135397,Jurassic World,Acción,150000000,1671537444,124,2015-06-06,6.699,10.14358296
351286,Jurassic World: El reino caído,Acción,170000000,1310469037,128,2018-06-06,6.533,6.708641394117647
383498,Deadpool 2,Acción,110000000,785896632,123,2018-05-15,7.489,6.144514836363636
281338,La guerra del planeta de los simios,Drama,150000000,490719763,140,2017-07-11,7.215,2.271465086666667
313369,La ciudad de las estrellas (La La Land),Comedia,30000000,509183536,128,2016-12-01,7.9,15.972784533333334
426063,Nosferatu,Terror,50000000,181764515,133,2024-12-25,6.704,2.6352903
47971,xXx: Reactivated,Acción,85000000,346118277,106,2017-01-13,6.135,3.0719797294117646
324786,Hasta el último hombre,Drama,40000000,175302354,131,2016-10-07,8.191,3.38255885
299054,Los mercen4rios,Acción,100000000,37917985,103,2023-09-15,6.079,-0.62082015
527774,Raya y el último dragón,Animación,100000000,130423032,114,2021-03-03,7.805,0.30423032
695721,Los Juegos del Hambre: Balada de pájaros cantores y serpientes,Ciencia ficción,100000000,337371917,157,2023-11-15,6.988,2.37371917
929590,Civil War,Bélica,50000000,126542249,109,2024-04-10,6.8,1.53084498
198184,Chappie,Crimen,49000000,104399548,120,2015-03-04,6.785,1.1306030204081632
419430,Déjame salir,Misterio,4500000,255407969,103,2017-02-24,7.622,55.757326444444445
718821,Twisters,Acción,155000000,372262265,123,2024-07-10,6.785,1.4016920322580646
316029,El gran showman,Drama,84000000,459066134,105,2017-12-20,7.9,4.4650730238095235
420818,El rey león,Aventura,260000000,1662020819,118,2019-07-12,7.097,5.3923877653846155
466420,Los asesinos de la luna,Crimen,200000000,158722599,206,2023-10-18,7.405,-0.206387005
168259,Fast & Furious 7,Acción,190000000,1515400000,139,2015-04-01,7.218,6.975789473684211
290859,Terminator: Destino oscuro,Ciencia ficción,185000000,261119292,120,2019-10-23,6.411,0.41145563243243244
508883,El chico y la garza,Animación,50000000,294200000,124,2023-07-14,7.404,4.884
464052,Wonder Woman 1984,Acción,200000000,169601036,151,2020-12-16,6.376,-0.15199482
646385,Scream,Terror,24000000,138874789,120,2022-01-12,6.692,4.786449541666666
399579,Alita: Ángel de combate,Acción,170000000,405000000,122,2019-01-31,7.243,1.3823529411764706
776503,CODA: Los sonidos del silencio,Drama,10000000,1905058,111,2021-08-13,7.897,-0.8094942
506971,Teefa in Trouble,Drama,1500000,3062477,155,2018-07-20,7.5,1.0416513333333333
840705,Parpadea dos veces,Misterio,20000000,46393906,102,2024-08-21,6.7,1.3196953
337404,Cruella,Comedia,200000000,233503234,134,2021-05-26,7.977,0.16751617
748783,Garfield: La película,Familia,60000000,254907482,101,2024-04-30,7.014,3.2484580333333333
866398,Beekeeper: El protector,Acción,35000000,152720535,105,2024-01-08,7.255,3.3634438571428573
140300,Kung Fu Panda 3,Animación,145000000,521170825,95,2016-01-23,6.9,2.594281551724138
507244,Afterburn (Zona cero),Ciencia ficción,60000000,184758,105,2025-08-20,6.481,-0.9969207
566525,Shang-Chi y la leyenda de los Diez Anillos,Acción,150000000,432243292,132,2021-09-01,7.498,1.8816219466666666
177677,Misión imposible: Nación secreta,Acción,150000000,682716636,131,2015-07-28,7.221,3.55144424
940551,Migración. Un viaje patas arriba,Familia,72000000,298776052,83,2023-12-06,7.4,3.149667388888889
166428,Cómo entrenar a tu dragón 3,Animación,129000000,539987993,110,2019-01-03,7.748,3.185953434108527
1205515,"Sorry, Baby",Drama,1500000,2279895,104,2025-06-27,6.8,0.51993
447332,Un lugar tranquilo,Terror,17000000,340955294,96,2018-04-03,7.393,19.05619376470588
1097549,Babygirl,Romance,20000000,60934894,114,2024-12-25,5.713,2.0467447
392044,Asesinato en el Orient Express,Misterio,55000000,352800000,114,2017-11-03,6.706,5.414545454545454
181808,Star Wars: Los últimos Jedi,Aventura,300000000,1332698830,150,2017-12-13,6.759,3.442329433333333
206647,Spectre,Acción,245000000,880707597,148,2015-10-26,6.566,2.5947248857142857
667538,Transformers: El despertar de las bestias,Ciencia ficción,195000000,441381193,127,2023-06-06,7.189,1.2634932974358974
1160360,"Si pudiera, te daría una patada",Drama,1500000,1346808,113,2025-10-10,6.552,-0.102128
337339,Fast & Furious 8,Acción,250000000,1236000000,135,2017-04-12,6.857,3.944
493922,Hereditary,Terror,10000000,87796204,126,2018-06-07,7.292,7.7796204
339403,Baby Driver,Acción,34000000,226945087,112,2017-06-28,7.441,5.6748555
529203,Los Croods: Una nueva era,Animación,65000000,215905815,90,2020-11-25,7.453,2.3216279230769232
615457,Nadie,Acción,16000000,57512470,92,2021-03-18,7.893,2.594529375
339846,Baywatch: Los vigilantes de la playa,Comedia,69000000,177900000,116,2017-05-25,6.087,1.5782608695652174
359724,Le Mans '66,Drama,97600000,225508210,153,2019-11-13,8.005,1.3105349385245901
631843,Tiempo,Suspense,18000000,90146510,108,2021-07-21,6.325,4.008139444444445
926393,The Equalizer 3,Acción,70000000,191067560,109,2023-08-30,7.29,1.7295365714285715
882569,El pacto,Bélica,55000000,21948551,123,2023-04-19,7.725,-0.6009354363636363
402900,Ocean's 8,Crimen,70000000,297718711,110,2018-06-07,6.963,3.2531244428571426
650524,尋秦記,Ciencia ficción,45000000,38946463,107,2025-12-31,6.1,-0.13452304444444443
986097,El mejor,Terror,27000000,27834512,96,2025-09-18,5.788,0.030907851851851853
530385,Midsommar,Terror,9000000,48498408,148,2019-07-03,7.152,4.388712
264660,Ex Machina,Drama,15000000,36869414,108,2015-01-21,7.573,1.4579609333333334
454626,Sonic: La película,Acción,85000000,319715683,98,2020-02-12,7.291,2.761360976470588
335977,Indiana Jones y el dial del destino,Aventura,294700000,383963057,155,2023-06-25,6.515,0.30289466236851037
141052,Liga de la Justicia,Acción,300000000,661326987,121,2017-11-15,6.072,1.20442329
1337562,Amores Compartidos,Comedia,20000000,3255315,105,2025-08-21,6.339,-0.83723425
940721,Godzilla Minus One,Ciencia ficción,15000000,113676322,124,2023-11-03,7.582,6.578421466666667
840326,Sisu,Acción,6600000,14281199,91,2022-09-09,7.4,1.1638180303030303
273248,Los odiosos ocho,Drama,44000000,155760117,187,2015-12-25,7.755,2.5400026590909093
934433,Scream VI,Terror,33000000,169063850,123,2023-03-08,7.0,4.12314696969697
585083,Hotel Transilvania: Transformanía,Animación,75000000,18500000,92,2022-01-31,7.046,-0.7533333333333333
1010756,Strangers: Capítulo 2,Terror,8000000,21921749,98,2025-09-25,6.129,1.740218625
273477,Zombie camp,Comedia,15000000,14900000,95,2015-10-23,6.564,-0.006666666666666667
1032823,La trampa,Crimen,30000000,83677281,105,2024-07-31,6.2,1.7892427
1371185,Song Sung Blue - Canción para dos,Drama,30000000,54982453,133,2025-12-25,7.6,0.8327484333333334
520763,Un lugar tranquilo 2,Ciencia ficción,55000000,297372261,97,2021-05-21,7.442,4.406768381818182
293167,Kong: La isla calavera,Acción,185000000,566652812,118,2017-03-08,6.551,2.062988172972973
1313003,Muero por ella,Romance,5000000,490149,103,2025-03-20,5.79,-0.9019702
439079,La monja,Terror,22000000,366082797,96,2018-09-05,5.904,15.640127136363636
273481,Sicario,Acción,30000000,84997446,121,2015-09-17,7.416,1.8332482
634492,Madame Web,Acción,80000000,100498764,117,2024-02-14,5.306,0.25623455
495764,Aves de presa (y la fantabulosa emancipación de Harley Quinn),Acción,75000000,205537933,109,2020-02-05,6.885,1.7405057733333333
310131,La bruja,Terror,4000000,40423945,93,2016-02-19,6.996,9.10598625
419743,Disobedience,Drama,6000000,8000000,114,2018-04-24,6.884,0.3333333333333333
259316,Animales fantásticos y dónde encontrarlos,Fantasía,180000000,809342332,133,2016-11-16,7.309,3.4963462888888888
1064028,Alice (Subservience),Ciencia ficción,4400000,262793,105,2024-08-15,6.6,-0.9402743181818182
373571,Godzilla: Rey de los Monstruos,Ciencia ficción,170000000,387300138,132,2019-05-29,6.689,1.278236105882353
647245,Reagan,Historia,25000000,30107173,141,2024-08-29,6.271,0.20428692
661374,Puñales por la espalda: El misterio de Glass Onion,Comedia,40000000,15000000,139,2022-11-23,7.0,-0.625
615453,Ne Zha,Animación,22000000,742718496,110,2019-07-26,7.897,32.75993163636364
270303,It Follows,Terror,2300000,23374076,100,2015-02-04,6.586,9.162641739130434
301528,Toy Story 4,Familia,175000000,1073841394,90,2019-06-19,7.467,5.1362365371428576
635302,Guardianes de la Noche: Tren infinito,Animación,15700000,523542183,117,2020-10-16,8.206,32.34663585987261
297802,Aquaman,Acción,160000000,1152028393,142,2018-12-07,6.868,6.20017745625
398978,El irlandés,Crimen,159000000,968853,209,2019-11-01,7.579,-0.9939065849056604
889737,Joker: Folie à Deux,Drama,190000000,207500287,138,2024-10-01,5.4,0.09210677368421052
278154,Ice Age: El gran cataclismo,Aventura,105000000,408579038,95,2016-06-23,6.114,2.891228933333333
207703,Kingsman: Servicio secreto,Crimen,81000000,414351546,129,2015-01-24,7.62,4.115451185185186
508943,Luca,Animación,200000000,51074773,101,2021-06-17,7.788,-0.744626135
756999,Black Phone,Terror,16000000,161441914,102,2022-06-16,7.538,9.090119625
363676,Sully,Drama,60000000,240800000,96,2016-09-07,7.198,3.013333333333333
787699,Wonka,Comedia,125000000,634502312,117,2023-12-06,7.043,4.076018496
588228,La guerra del mañana,Acción,200000000,14400000,138,2021-09-03,7.479,-0.928
399402,Hunter Killer: Caza en las profundidades,Acción,40000000,31672678,122,2018-10-19,6.896,-0.20818305
424694,Bohemian Rhapsody,Música,52000000,910813521,134,2018-10-24,7.962,16.515644634615384
870028,El contable 2,Misterio,80000000,103223366,133,2025-04-23,7.092,0.290292075
512200,Jumanji: Siguiente nivel,Aventura,125000000,801693929,125,2019-12-04,6.878,5.413551432
398818,Call Me by Your Name,Romance,3500000,43143046,122,2017-10-01,8.1,11.32658457142857
381284,Figuras ocultas,Drama,25000000,235957472,127,2016-12-10,8.048,8.43829888
1125257,Ponte en mi lugar de nuevo,Comedia,42000000,153176952,110,2025-08-06,6.8,2.647070285714286
661539,A Complete Unknown,Drama,65000000,138003641,140,2024-12-25,7.085,1.1231329384615385
303857,Dragon Ball Z: La resurrección de F,Acción,5000000,61768190,71,2015-04-18,6.857,11.353638
343611,Jack Reacher: Nunca vuelvas atrás,Acción,60000000,162100000,118,2016-10-19,6.002,1.7016666666666667
1128650,El fiscal,Acción,38500000,128093757,117,2024-12-08,6.9,2.3271105714285714
399055,La forma del agua,Drama,19500000,195300000,119,2017-12-01,7.237,9.015384615384615
682507,La chica salvaje,Drama,24000000,144353965,126,2022-07-14,7.529,5.014748541666667
673593,Chicas malas,Comedia,36000000,104970953,113,2024-01-10,5.906,1.9158598055555556
246655,X-Men: Apocalipsis,Acción,178000000,543934787,144,2016-05-18,6.519,2.0558134101123597
985939,Fall,Suspense,3000000,17363261,107,2022-08-11,7.112,4.787753666666666
760329,The Smashing Machine,Drama,50000000,21133481,123,2025-10-01,6.5,-0.57733038
424783,Bumblebee,Acción,135000000,467989645,114,2018-11-22,6.72,2.466589962962963
404368,Ralph rompe Internet,Familia,175000000,529323962,112,2018-11-20,7.163,2.0247083542857145
259693,Expediente Warren: El caso Enfield,Terror,40000000,322819915,134,2016-06-08,7.294,7.070497875
937287,Rivales,Drama,55000000,94182533,132,2024-04-18,6.9,0.7124096909090909
579974,RRR,Acción,69000000,160000000,185,2022-03-24,7.733,1.318840579710145
381288,Múltiple,Terror,9000000,278454358,117,2017-01-19,7.343,29.93937311111111
363088,Ant-Man y la Avispa,Acción,140000000,622674139,118,2018-07-04,6.907,3.4476724214285714
717930,Operación Kandahar,Acción,30000000,9400000,119,2023-05-25,6.797,-0.6866666666666666
406997,Wonder,Familia,20000000,315025930,120,2017-11-13,8.109,14.7512965
1114967,Movida celestial,Comedia,30000000,26117423,98,2025-10-14,7.015,-0.12941923333333333
427641,Proyecto Rampage,Acción,120000000,428028233,107,2018-04-11,6.451,2.5669019416666665
360920,El Grinch,Familia,75000000,508600000,90,2018-11-08,6.877,5.781333333333333
331482,Mujercitas,Drama,40000000,332103783,135,2019-12-25,7.858,7.302594575
490132,Green Book,Drama,23000000,321752656,130,2018-11-16,8.223,12.989245913043478
102899,Ant-Man,Ciencia ficción,130000000,519311965,117,2015-07-14,7.066,2.9947074230769233
1364608,Anémona,Drama,11000000,1161830,125,2025-10-02,6.2,-0.894379090909091
580489,Venom: habrá matanza,Ciencia ficción,110000000,506863592,97,2021-09-30,6.8,3.6078508363636366
1034541,Terrifier 3,Terror,2000000,90322103,125,2024-10-09,6.798,44.1610515
640146,Ant-Man y la Avispa: Quantumanía,Acción,200000000,476071180,125,2023-02-15,6.241,1.3803559
713704,Posesión infernal: El despertar,Terror,15000000,147156372,96,2023-04-12,6.919,8.8104248
1102493,Cosas pequeñas como estas,Drama,3000000,12534032,100,2024-11-01,6.7,3.1780106666666668
400155,Hotel Transilvania 3: Unas vacaciones monstruosas,Animación,80000000,528600000,90,2018-06-28,6.854,5.6075
460458,Resident Evil: Bienvenidos a Raccoon City,Acción,25000000,41914915,107,2021-11-24,5.946,0.6765966
587792,Palm Springs,Comedia,5000000,1818417,90,2020-07-10,7.332,-0.6363166
1042834,Edén,Suspense,50000000,1907486,129,2025-04-03,6.7,-0.96185028
312221,Creed. La leyenda de Rocky,Drama,37000000,173600000,133,2015-11-25,7.403,3.691891891891892
38700,Bad Boys for Life,Suspense,90000000,426505244,123,2020-01-15,7.122,3.7389471555555556
